create table employees (
    id serial primary key,
    employee_name varchar (50) not null
);

insert into employees (id, employee_name)
values (1, 'Aleksandr Lukashenko');

insert into employees (id, employee_name)
values (2, 'Kolia Lukashenko');

insert into employees (id, employee_name)
values (3, 'Viktor Lukashenko');

insert into employees (id, employee_name)
values (4, 'Lida Ermoshina');

insert into employees (id, employee_name)
values (5, 'Kolia Karpenkov');

insert into employees (id, employee_name)
values (6, 'Aleksandr Hleb');

insert into employees (id, employee_name)
values (7, 'Aleksand Soloduha');

insert into employees (id, employee_name)
values (8, 'Bob Gubka');

insert into employees (id, employee_name)
values (9, 'Kot Matroskin');

insert into employees (id, employee_name)
values (10, 'Garik Harlamov');

insert into employees (id, employee_name)
values (11, 'Garik Sukachev');

insert into employees (id, employee_name)
values (12, 'Baba Niura');

insert into employees (id, employee_name)
values (13, 'Bil Klinton');

insert into employees (id, employee_name)
values (14, 'Vanesa May');

insert into employees (id, employee_name)
values (15, 'Nikolay Valuev');

insert into employees (id, employee_name)
values (16, 'Dmitrij Medvedev');

insert into employees (id, employee_name)
values (17, 'Maria Kolesnikova');

insert into employees (id, employee_name)
values (18, 'Pavel Severinec');

insert into employees (id, employee_name)
values (19, 'Dima Pivovarchik');

insert into employees (id, employee_name)
values (20, 'BOria Zaiac');

insert into employees (id, employee_name)
values (21, 'Bil Klinton');

insert into employees (id, employee_name)
values (22, 'Stalin Dobry');

insert into employees (id, employee_name)
values (23, 'Vladimir Lenin');

insert into employees (id, employee_name)
values (24, 'Mikhael Arteta');

insert into employees (id, employee_name)
values (25, 'Sambi Lokonga');

insert into employees (id, employee_name)
values (26, 'Ben White');

insert into employees (id, employee_name)
values (27, 'Gabi Migaliash');

insert into employees (id, employee_name)
values (28, 'Alexandr Lakazet');

insert into employees (id, employee_name)
values (29, 'Nikola Anelka');

insert into employees (id, employee_name)
values (30, 'Veniamin Tupeko');

insert into employees (id, employee_name)
values (31, 'Felix Derzinskij');

insert into employees (id, employee_name)
values (32, 'Ivan Ivanov');

insert into employees (id, employee_name)
values (33, 'Ivan Ermakov');

insert into employees (id, employee_name)
values (34, 'Mania Sidorova');

insert into employees (id, employee_name)
values (35, 'Zarina Merilko');

insert into employees (id, employee_name)
values (36, 'Inna Ponamoreva');

insert into employees (id, employee_name)
values (37, 'Tolik Zuk');

insert into employees (id, employee_name)
values (38, 'Konstatntin Dub');

insert into employees (id, employee_name)
values (39, 'Olga Gavrilova');

insert into employees (id, employee_name)
values (40, 'Rodion Antonovich');

insert into employees (id, employee_name)
values (41, 'Daniil Soloma');

insert into employees (id, employee_name)
values (42, 'Valentina Seno');

insert into employees (id, employee_name)
values (43, 'Sofia Zebrova');

insert into employees (id, employee_name)
values (44, 'Vladimir Zdanov');

insert into employees (id, employee_name)
values (45, 'Michail Borko');

insert into employees (id, employee_name)
values (46, 'Pavel Fuks');

insert into employees (id, employee_name)
values (47, 'Lana Paris');

insert into employees (id, employee_name)
values (48, 'Dmitriy Furmanov');

insert into employees (id, employee_name)
values (49, 'Mark Barincev');

insert into employees (id, employee_name)
values (50, 'Fedor Fedorov');

insert into employees (id, employee_name)
values (51, 'Pavel Gromov');

insert into employees (id, employee_name)
values (52, 'Tamara Kozina');

insert into employees (id, employee_name)
values (53, 'Dina Panchenko');

insert into employees (id, employee_name)
values (54, 'Foma Durov');

insert into employees (id, employee_name)
values (55, 'Matfej Dudinskij');

insert into employees (id, employee_name)
values (56, 'Egor Skorb');

insert into employees (id, employee_name)
values (57, 'Stas Malinin');

insert into employees (id, employee_name)
values (58, 'Mitia Fomin');

insert into employees (id, employee_name)
values (59, 'Zora Bumkin');

insert into employees (id, employee_name)
values (60, 'Andrej Grobicki');

insert into employees (id, employee_name)
values (61, 'Ruslan Fedoseev');

insert into employees (id, employee_name)
values (62, 'Aleksandr Kolackij');

insert into employees (id, employee_name)
values (63, 'Marina Gorunova');

insert into employees (id, employee_name)
values (64, 'Susanna Vilina');

insert into employees (id, employee_name)
values (65, 'Anna Kotikova');

insert into employees (id, employee_name)
values (66, 'Filip Kirkorov');

insert into employees (id, employee_name)
values (67, 'Spiridon Ushkevich');

insert into employees (id, employee_name)
values (68, 'Boris Britva');

insert into employees (id, employee_name)
values (69, 'Dmitrij Pavliukevich');

insert into employees (id, employee_name)
values (70, 'Vasilij Bykov');

create table salary (
    id serial primary key,
    monthly_salary int not null
);

insert into salary (id, monthly_salary)
values (default, 1000);

insert into salary (id, monthly_salary)
values (default, 1100);

insert into salary (id, monthly_salary)
values (default, 1200);

insert into salary (id, monthly_salary)
values (default, 1300);

insert into salary (id, monthly_salary)
values (default, 1400);

insert into salary (id, monthly_salary)
values (default, 1500);

insert into salary (id, monthly_salary)
values (default, 1600);

insert into salary (id, monthly_salary)
values (default, 1700);

insert into salary (id, monthly_salary)
values (default, 1800);

insert into salary (id, monthly_salary)
values (default, 1900);

insert into salary (id, monthly_salary)
values (default, 2000);

insert into salary (id, monthly_salary)
values (default, 2100);

insert into salary (id, monthly_salary)
values (default, 2200);

insert into salary (id, monthly_salary)
values (default, 2300);

insert into salary (id, monthly_salary)
values (default, 2400);

insert into salary (id, monthly_salary)
values (default, 2500);

create table employee_salary (
    id serial primary key,
    employee_id int not null unique,
    salary_id int not null
);

insert into employee_salary (id, employee_id, salary_id)
values (default, 3, 4);

insert into employee_salary (id, employee_id, salary_id)
values (default, 1, 7);

insert into employee_salary (id, employee_id, salary_id)
values (default, 5, 9);

insert into employee_salary (id, employee_id, salary_id)
values (default, 40, 13);

insert into employee_salary (id, employee_id, salary_id)
values (default, 23, 4);

insert into employee_salary (id, employee_id, salary_id)
values (default, 11, 2);

insert into employee_salary (id, employee_id, salary_id)
values (default, 52, 10);

insert into employee_salary (id, employee_id, salary_id)
values (default, 15, 13);

insert into employee_salary (id, employee_id, salary_id)
values (default, 26, 4);

insert into employee_salary (id, employee_id, salary_id)
values (default, 16, 1);

insert into employee_salary (id, employee_id, salary_id)
values (default, 33, 7);

insert into employee_salary (id, employee_id, salary_id)
values (default, 2, 11);

insert into employee_salary (id, employee_id, salary_id)
values (default, 6, 12);

insert into employee_salary (id, employee_id, salary_id)
values (default, 7, 14);

insert into employee_salary (id, employee_id, salary_id)
values (default, 8, 15);

insert into employee_salary (id, employee_id, salary_id)
values (default, 9, 16);

insert into employee_salary (id, employee_id, salary_id)
values (default, 10, 17);

insert into employee_salary (id, employee_id, salary_id)
values (default, 12, 18);

insert into employee_salary (id, employee_id, salary_id)
values (default, 13, 19);

insert into employee_salary (id, employee_id, salary_id)
values (default, 20, 20);

insert into employee_salary (id, employee_id, salary_id)
values (default, 29, 21);

insert into employee_salary (id, employee_id, salary_id)
values (default, 30, 22);

insert into employee_salary (id, employee_id, salary_id)
values (default, 31, 23);

insert into employee_salary (id, employee_id, salary_id)
values (default, 32, 24);

insert into employee_salary (id, employee_id, salary_id)
values (default, 34, 25);

insert into employee_salary (id, employee_id, salary_id)
values (default, 35, 26);

insert into employee_salary (id, employee_id, salary_id)
values (default, 36, 27);

insert into employee_salary (id, employee_id, salary_id)
values (default, 37, 28);

insert into employee_salary (id, employee_id, salary_id)
values (default, 38, 29);

insert into employee_salary (id, employee_id, salary_id)
values (default, 39, 30);

insert into employee_salary (id, employee_id, salary_id)
values (default, 73, 31);

insert into employee_salary (id, employee_id, salary_id)
values (default, 74, 32);

insert into employee_salary (id, employee_id, salary_id)
values (default, 75, 33);

insert into employee_salary (id, employee_id, salary_id)
values (default, 76, 34);

insert into employee_salary (id, employee_id, salary_id)
values (default, 77, 35);

insert into employee_salary (id, employee_id, salary_id)
values (default, 78, 36);

insert into employee_salary (id, employee_id, salary_id)
values (default, 79, 37);

insert into employee_salary (id, employee_id, salary_id)
values (default, 80, 38);

insert into employee_salary (id, employee_id, salary_id)
values (default, 81, 39);

insert into employee_salary (id, employee_id, salary_id)
values (default, 82, 40);

insert into employee_salary (id, employee_id, salary_id)
values (default, 83, 41);

create table roles (
    id serial primary key,
    role_name int not null unique
);

alter table roles
alter column role_name type varchar
using role_name::varchar;

insert into roles (id, role_name)
values (default, 'Junior Python developer');

insert into roles (id, role_name)
values (default, 'Middle Python developer');

insert into roles (id, role_name)
values (default, 'Senior Python developer');

insert into roles (id, role_name)
values (default, 'Junior Java developer');

insert into roles (id, role_name)
values (default, 'Middle Java developer');

insert into roles (id, role_name)
values (default, 'Senior Java developer');

insert into roles (id, role_name)
values (default, 'Junior JavaScript developer');

insert into roles (id, role_name)
values (default, 'Middle JavaScript developer');

insert into roles (id, role_name)
values (default, 'Senior JavaScript developer');

insert into roles (id, role_name)
values (default, 'Junior Manual QA engineer');

insert into roles (id, role_name)
values (default, 'Middle Manual QA engineer');

insert into roles (id, role_name)
values (default, 'Senior Manual QA engineer');

insert into roles (id, role_name)
values (default, 'Project Manager');

insert into roles (id, role_name)
values (default, 'Designer');

insert into roles (id, role_name)
values (default, 'HR');

insert into roles (id, role_name)
values (default, 'CEO');

insert into roles (id, role_name)
values (default, 'Sales manager');

insert into roles (id, role_name)
values (default, 'Junior Automation QA engineer');

insert into roles (id, role_name)
values (default, 'Middle Automation QA engineer');

insert into roles (id, role_name)
values (default, 'Senior Automation QA engineer');

create table roles_employee (
    id serial primary key,
    employee_id int not null unique,
    role_id int not null,
    foreign key (employee_id)
    	references employees (id),
    foreign key (role_id)
    	references roles (id)	
);

insert into roles_employee (id, employee_id, role_id)
values (default, 7, 2);

insert into roles_employee (id, employee_id, role_id)
values (default, 20, 4);

insert into roles_employee (id, employee_id, role_id)
values (default, 3, 9);

insert into roles_employee (id, employee_id, role_id)
values (default, 5, 13);

insert into roles_employee (id, employee_id, role_id)
values (default, 23, 4);

insert into roles_employee (id, employee_id, role_id)
values (default, 11, 2);

insert into roles_employee (id, employee_id, role_id)
values (default, 10, 9);

insert into roles_employee (id, employee_id, role_id)
values (default, 22, 13);

insert into roles_employee (id, employee_id, role_id)
values (default, 21, 3);

insert into roles_employee (id, employee_id, role_id)
values (default, 34, 4);

insert into roles_employee (id, employee_id, role_id)
values (default, 6, 7);

insert into roles_employee (id, employee_id, role_id)
values (default, 24, 14);

insert into roles_employee (id, employee_id, role_id)
values (default, 25, 15);

insert into roles_employee (id, employee_id, role_id)
values (default, 26, 16);

insert into roles_employee (id, employee_id, role_id)
values (default, 27, 17);

insert into roles_employee (id, employee_id, role_id)
values (default, 28, 18);

insert into roles_employee (id, employee_id, role_id)
values (default, 29, 19);

insert into roles_employee (id, employee_id, role_id)
values (default, 2, 1);

insert into roles_employee (id, employee_id, role_id)
values (default, 70, 14);

insert into roles_employee (id, employee_id, role_id)
values (default, 69, 10);

insert into roles_employee (id, employee_id, role_id)
values (default, 68, 12);

insert into roles_employee (id, employee_id, role_id)
values (default, 57, 16);

insert into roles_employee (id, employee_id, role_id)
values (default, 56, 3);

insert into roles_employee (id, employee_id, role_id)
values (default, 53, 4);

insert into roles_employee (id, employee_id, role_id)
values (default, 49, 18);

insert into roles_employee (id, employee_id, role_id)
values (default, 47, 1);

insert into roles_employee (id, employee_id, role_id)
values (default, 64, 4);

insert into roles_employee (id, employee_id, role_id)
values (default, 59, 19);

select * from employees;
select * from salary;
select * from employee_salary;
select * from roles;
select * from roles_employee;